<?xml version="1.0" encoding="UTF-8"?>
<GenRun Id="impl_1" LaunchPart="xc7a35ticpg236-1L" LaunchTime="1733774678">
  <File Type="ROUTE-PWR" Name="master_processing_fsm_top_power_routed.rpt"/>
  <File Type="PA-TCL" Name="master_processing_fsm_top.tcl"/>
  <File Type="ROUTE-PWR-SUM" Name="master_processing_fsm_top_power_summary_routed.pb"/>
  <File Type="REPORTS-TCL" Name="master_processing_fsm_top_reports.tcl"/>
  <File Type="OPT-RQA-PB" Name="master_processing_fsm_top_rqa_opted.pb"/>
  <File Type="BITSTR-MMI" Name="master_processing_fsm_top.mmi"/>
  <File Type="OPT-METHODOLOGY-DRC" Name="master_processing_fsm_top_methodology_drc_opted.rpt"/>
  <File Type="INIT-TIMING" Name="master_processing_fsm_top_timing_summary_init.rpt"/>
  <File Type="OPT-TIMING" Name="master_processing_fsm_top_timing_summary_opted.rpt"/>
  <File Type="OPT-DCP" Name="master_processing_fsm_top_opt.dcp"/>
  <File Type="OPT-DRC" Name="master_processing_fsm_top_drc_opted.rpt"/>
  <File Type="OPT-HWDEF" Name="master_processing_fsm_top.hwdef"/>
  <File Type="PWROPT-DCP" Name="master_processing_fsm_top_pwropt.dcp"/>
  <File Type="PWROPT-DRC" Name="master_processing_fsm_top_drc_pwropted.rpt"/>
  <File Type="PWROPT-TIMING" Name="master_processing_fsm_top_timing_summary_pwropted.rpt"/>
  <File Type="PLACE-DCP" Name="master_processing_fsm_top_placed.dcp"/>
  <File Type="PLACE-IO" Name="master_processing_fsm_top_io_placed.rpt"/>
  <File Type="PLACE-CLK" Name="master_processing_fsm_top_clock_utilization_placed.rpt"/>
  <File Type="PLACE-UTIL" Name="master_processing_fsm_top_utilization_placed.rpt"/>
  <File Type="PLACE-UTIL-PB" Name="master_processing_fsm_top_utilization_placed.pb"/>
  <File Type="PLACE-CTRL" Name="master_processing_fsm_top_control_sets_placed.rpt"/>
  <File Type="PLACE-SIMILARITY" Name="master_processing_fsm_top_incremental_reuse_placed.rpt"/>
  <File Type="PLACE-PRE-SIMILARITY" Name="master_processing_fsm_top_incremental_reuse_pre_placed.rpt"/>
  <File Type="BG-BIN" Name="master_processing_fsm_top.bin"/>
  <File Type="PLACE-TIMING" Name="master_processing_fsm_top_timing_summary_placed.rpt"/>
  <File Type="ROUTE-PWR-RPX" Name="master_processing_fsm_top_power_routed.rpx"/>
  <File Type="PLACE-RQA-PB" Name="master_processing_fsm_top_rqa_placed.pb"/>
  <File Type="POSTPLACE-PWROPT-DCP" Name="master_processing_fsm_top_postplace_pwropt.dcp"/>
  <File Type="BITSTR-MSK" Name="master_processing_fsm_top.msk"/>
  <File Type="POSTPLACE-PWROPT-TIMING" Name="master_processing_fsm_top_timing_summary_postplace_pwropted.rpt"/>
  <File Type="PHYSOPT-DCP" Name="master_processing_fsm_top_physopt.dcp"/>
  <File Type="PHYSOPT-DRC" Name="master_processing_fsm_top_drc_physopted.rpt"/>
  <File Type="BITSTR-RBT" Name="master_processing_fsm_top.rbt"/>
  <File Type="PHYSOPT-TIMING" Name="master_processing_fsm_top_timing_summary_physopted.rpt"/>
  <File Type="ROUTE-ERROR-DCP" Name="master_processing_fsm_top_routed_error.dcp"/>
  <File Type="ROUTE-DCP" Name="master_processing_fsm_top_routed.dcp"/>
  <File Type="ROUTE-BLACKBOX-DCP" Name="master_processing_fsm_top_routed_bb.dcp"/>
  <File Type="ROUTE-DRC" Name="master_processing_fsm_top_drc_routed.rpt"/>
  <File Type="ROUTE-DRC-PB" Name="master_processing_fsm_top_drc_routed.pb"/>
  <File Type="ROUTE-DRC-RPX" Name="master_processing_fsm_top_drc_routed.rpx"/>
  <File Type="ROUTE-METHODOLOGY-DRC" Name="master_processing_fsm_top_methodology_drc_routed.rpt"/>
  <File Type="ROUTE-METHODOLOGY-DRC-RPX" Name="master_processing_fsm_top_methodology_drc_routed.rpx"/>
  <File Type="ROUTE-METHODOLOGY-DRC-PB" Name="master_processing_fsm_top_methodology_drc_routed.pb"/>
  <File Type="ROUTE-RQS-PB" Name="master_processing_fsm_top_rqs_routed.pb"/>
  <File Type="ROUTE-STATUS" Name="master_processing_fsm_top_route_status.rpt"/>
  <File Type="ROUTE-STATUS-PB" Name="master_processing_fsm_top_route_status.pb"/>
  <File Type="ROUTE-TIMINGSUMMARY" Name="master_processing_fsm_top_timing_summary_routed.rpt"/>
  <File Type="ROUTE-TIMING-PB" Name="master_processing_fsm_top_timing_summary_routed.pb"/>
  <File Type="ROUTE-TIMING-RPX" Name="master_processing_fsm_top_timing_summary_routed.rpx"/>
  <File Type="ROUTE-SIMILARITY" Name="master_processing_fsm_top_incremental_reuse_routed.rpt"/>
  <File Type="ROUTE-CLK" Name="master_processing_fsm_top_clock_utilization_routed.rpt"/>
  <File Type="ROUTE-BUS-SKEW" Name="master_processing_fsm_top_bus_skew_routed.rpt"/>
  <File Type="ROUTE-BUS-SKEW-PB" Name="master_processing_fsm_top_bus_skew_routed.pb"/>
  <File Type="ROUTE-BUS-SKEW-RPX" Name="master_processing_fsm_top_bus_skew_routed.rpx"/>
  <File Type="POSTROUTE-PHYSOPT-DCP" Name="master_processing_fsm_top_postroute_physopt.dcp"/>
  <File Type="POSTROUTE-PHYSOPT-BLACKBOX-DCP" Name="master_processing_fsm_top_postroute_physopt_bb.dcp"/>
  <File Type="POSTROUTE-PHYSOPT-TIMING" Name="master_processing_fsm_top_timing_summary_postroute_physopted.rpt"/>
  <File Type="POSTROUTE-PHYSOPT-TIMING-PB" Name="master_processing_fsm_top_timing_summary_postroute_physopted.pb"/>
  <File Type="POSTROUTE-PHYSOPT-TIMING-RPX" Name="master_processing_fsm_top_timing_summary_postroute_physopted.rpx"/>
  <File Type="POSTROUTE-PHYSOPT-BUS-SKEW" Name="master_processing_fsm_top_bus_skew_postroute_physopted.rpt"/>
  <File Type="BG-BIT" Name="master_processing_fsm_top.bit"/>
  <File Type="POSTROUTE-PHYSOPT-BUS-SKEW-PB" Name="master_processing_fsm_top_bus_skew_postroute_physopted.pb"/>
  <File Type="POSTROUTE-PHYSOPT-BUS-SKEW-RPX" Name="master_processing_fsm_top_bus_skew_postroute_physopted.rpx"/>
  <File Type="BITSTR-NKY" Name="master_processing_fsm_top.nky"/>
  <File Type="BITSTR-BMM" Name="master_processing_fsm_top_bd.bmm"/>
  <File Type="PDI-FILE" Name="master_processing_fsm_top.pdi"/>
  <File Type="BOOT-PDI-FILE" Name="master_processing_fsm_top_boot.pdi"/>
  <File Type="PL-PDI-FILE" Name="master_processing_fsm_top_pld.pdi"/>
  <File Type="RCFI_FILE" Name="master_processing_fsm_top.rcfi"/>
  <File Type="CFI_FILE" Name="master_processing_fsm_top.cfi"/>
  <File Type="RNPI_FILE" Name="master_processing_fsm_top.rnpi"/>
  <File Type="NPI_FILE" Name="master_processing_fsm_top.npi"/>
  <File Type="RBD_FILE" Name="master_processing_fsm_top.rbd"/>
  <File Type="BITSTR-LTX" Name="debug_nets.ltx"/>
  <File Type="BITSTR-LTX" Name="master_processing_fsm_top.ltx"/>
  <File Type="BITSTR-SYSDEF" Name="master_processing_fsm_top.sysdef"/>
  <File Type="BG-BGN" Name="master_processing_fsm_top.bgn"/>
  <File Type="BG-DRC" Name="master_processing_fsm_top.drc"/>
  <File Type="RDI-RDI" Name="master_processing_fsm_top.vdi"/>
  <File Type="WBT-USG" Name="usage_statistics_webtalk.html"/>
  <File Type="ROUTE-RQS" Name="master_processing_fsm_top_routed.rqs"/>
  <File Type="POSTROUTE-PHYSOPT-RQS" Name="master_processing_fsm_top_postroute_physopted.rqs"/>
  <File Type="ROUTE-RQS-RPT" Name="route_report_qor_suggestions_0.rpt"/>
  <File Type="POSTROUTE-PHYSOPT-RQS-RPT" Name="postroute_physopt_report_qor_suggestions_0.rpt"/>
  <FileSet Name="sources" Type="DesignSrcs" RelSrcDir="$PSRCDIR/sources_1" RelGenDir="$PGENDIR/sources_1">
    <Filter Type="Srcs"/>
    <File Path="$PSRCDIR/sources_1/imports/sources_1/imports/Downloads/I2C_Master.v">
      <FileInfo>
        <Attr Name="ImportPath" Val="$PSRCDIR/ENEE459F_Final/sources_1/imports/Downloads/I2C_Master.v"/>
        <Attr Name="ImportTime" Val="1731698311"/>
        <Attr Name="UsedIn" Val="synthesis"/>
        <Attr Name="UsedIn" Val="implementation"/>
        <Attr Name="UsedIn" Val="simulation"/>
      </FileInfo>
    </File>
    <File Path="$PSRCDIR/sources_1/imports/sources_1/imports/Downloads/UART/UART/baud_rate_generator.v">
      <FileInfo>
        <Attr Name="ImportPath" Val="$PSRCDIR/ENEE459F_Final/sources_1/imports/Downloads/UART/UART/baud_rate_generator.v"/>
        <Attr Name="ImportTime" Val="1731698311"/>
        <Attr Name="UsedIn" Val="synthesis"/>
        <Attr Name="UsedIn" Val="implementation"/>
        <Attr Name="UsedIn" Val="simulation"/>
      </FileInfo>
    </File>
    <File Path="$PSRCDIR/sources_1/imports/new/cpa_block.v">
      <FileInfo>
        <Attr Name="ImportPath" Val="$PPRDIR/../../labs/ENEE_459f_lab4b/lab4/lab4.srcs/sources_1/new/cpa_block.v"/>
        <Attr Name="ImportTime" Val="1732057554"/>
        <Attr Name="UsedIn" Val="synthesis"/>
        <Attr Name="UsedIn" Val="implementation"/>
        <Attr Name="UsedIn" Val="simulation"/>
      </FileInfo>
    </File>
    <File Path="$PSRCDIR/sources_1/imports/new/csa_block.v">
      <FileInfo>
        <Attr Name="ImportPath" Val="$PPRDIR/../../labs/ENEE_459f_lab4b/lab4/lab4.srcs/sources_1/new/csa_block.v"/>
        <Attr Name="ImportTime" Val="1727920653"/>
        <Attr Name="UsedIn" Val="synthesis"/>
        <Attr Name="UsedIn" Val="implementation"/>
        <Attr Name="UsedIn" Val="simulation"/>
      </FileInfo>
    </File>
    <File Path="$PSRCDIR/sources_1/imports/sources_1/imports/Downloads/UART/UART/debounce_explicit.v">
      <FileInfo>
        <Attr Name="ImportPath" Val="$PSRCDIR/ENEE459F_Final/sources_1/imports/Downloads/UART/UART/debounce_explicit.v"/>
        <Attr Name="ImportTime" Val="1731698311"/>
        <Attr Name="UsedIn" Val="synthesis"/>
        <Attr Name="UsedIn" Val="implementation"/>
        <Attr Name="UsedIn" Val="simulation"/>
      </FileInfo>
    </File>
    <File Path="$PSRCDIR/sources_1/imports/sources_1/imports/Downloads/UART/UART/fifo.v">
      <FileInfo>
        <Attr Name="ImportPath" Val="$PSRCDIR/ENEE459F_Final/sources_1/imports/Downloads/UART/UART/fifo.v"/>
        <Attr Name="ImportTime" Val="1731698311"/>
        <Attr Name="UsedIn" Val="synthesis"/>
        <Attr Name="UsedIn" Val="implementation"/>
        <Attr Name="UsedIn" Val="simulation"/>
      </FileInfo>
    </File>
    <File Path="$PSRCDIR/sources_1/imports/new/four_bit_carry_lookahead_adder.v">
      <FileInfo>
        <Attr Name="ImportPath" Val="$PPRDIR/../../labs/ENEE_459f_lab4b/lab4/lab4.srcs/sources_1/imports/labs/ENEE_459f_lab4/ENEE_459f_lab4.srcs/sources_1/new/four_bit_carry_lookahead_adder.v"/>
        <Attr Name="ImportTime" Val="1727296437"/>
        <Attr Name="UsedIn" Val="synthesis"/>
        <Attr Name="UsedIn" Val="implementation"/>
        <Attr Name="UsedIn" Val="simulation"/>
      </FileInfo>
    </File>
    <File Path="$PSRCDIR/ENEE459F_Final/sources_1/new/fp_multiplier.v">
      <FileInfo>
        <Attr Name="UsedIn" Val="synthesis"/>
        <Attr Name="UsedIn" Val="implementation"/>
        <Attr Name="UsedIn" Val="simulation"/>
      </FileInfo>
    </File>
    <File Path="$PSRCDIR/sources_1/imports/sources_1/new/no_processing_slave.v">
      <FileInfo>
        <Attr Name="ImportPath" Val="$PSRCDIR/ENEE459F_Final/sources_1/new/no_processing_slave.v"/>
        <Attr Name="ImportTime" Val="1731698311"/>
        <Attr Name="UsedIn" Val="synthesis"/>
        <Attr Name="UsedIn" Val="implementation"/>
        <Attr Name="UsedIn" Val="simulation"/>
      </FileInfo>
    </File>
    <File Path="$PPRDIR/../../labs/ENEE_459f_lab4b/lab4/lab4.srcs/sources_1/imports/labs/ENEE_459F_lab1/ENEE_459F_lab1.srcs/sources_1/new/three_bit_carry_lookahead.v">
      <FileInfo>
        <Attr Name="UsedIn" Val="synthesis"/>
        <Attr Name="UsedIn" Val="implementation"/>
        <Attr Name="UsedIn" Val="simulation"/>
      </FileInfo>
    </File>
    <File Path="$PSRCDIR/sources_1/imports/sources_1/new/top_module.v">
      <FileInfo>
        <Attr Name="ImportPath" Val="$PSRCDIR/ENEE459F_Final/sources_1/new/top_module.v"/>
        <Attr Name="ImportTime" Val="1731698311"/>
        <Attr Name="UsedIn" Val="synthesis"/>
        <Attr Name="UsedIn" Val="implementation"/>
        <Attr Name="UsedIn" Val="simulation"/>
      </FileInfo>
    </File>
    <File Path="$PSRCDIR/sources_1/imports/sources_1/new/top_no_processing.v">
      <FileInfo>
        <Attr Name="ImportPath" Val="$PSRCDIR/ENEE459F_Final/sources_1/new/top_no_processing.v"/>
        <Attr Name="ImportTime" Val="1731698311"/>
        <Attr Name="UsedIn" Val="synthesis"/>
        <Attr Name="UsedIn" Val="implementation"/>
        <Attr Name="UsedIn" Val="simulation"/>
      </FileInfo>
    </File>
    <File Path="$PSRCDIR/sources_1/imports/sources_1/imports/Downloads/UART/UART/uart_receiver.v">
      <FileInfo>
        <Attr Name="ImportPath" Val="$PSRCDIR/ENEE459F_Final/sources_1/imports/Downloads/UART/UART/uart_receiver.v"/>
        <Attr Name="ImportTime" Val="1731698311"/>
        <Attr Name="UsedIn" Val="synthesis"/>
        <Attr Name="UsedIn" Val="implementation"/>
        <Attr Name="UsedIn" Val="simulation"/>
      </FileInfo>
    </File>
    <File Path="$PSRCDIR/sources_1/imports/sources_1/imports/Downloads/UART/UART/uart_test.v">
      <FileInfo>
        <Attr Name="ImportPath" Val="$PSRCDIR/ENEE459F_Final/sources_1/imports/Downloads/UART/UART/uart_test.v"/>
        <Attr Name="ImportTime" Val="1731698311"/>
        <Attr Name="UsedIn" Val="synthesis"/>
        <Attr Name="UsedIn" Val="implementation"/>
        <Attr Name="UsedIn" Val="simulation"/>
      </FileInfo>
    </File>
    <File Path="$PSRCDIR/sources_1/imports/sources_1/imports/Downloads/UART/UART/uart_top.v">
      <FileInfo>
        <Attr Name="ImportPath" Val="$PSRCDIR/ENEE459F_Final/sources_1/imports/Downloads/UART/UART/uart_top.v"/>
        <Attr Name="ImportTime" Val="1731698311"/>
        <Attr Name="UsedIn" Val="synthesis"/>
        <Attr Name="UsedIn" Val="implementation"/>
        <Attr Name="UsedIn" Val="simulation"/>
      </FileInfo>
    </File>
    <File Path="$PSRCDIR/sources_1/imports/sources_1/imports/Downloads/UART/UART/uart_transmitter.v">
      <FileInfo>
        <Attr Name="ImportPath" Val="$PSRCDIR/ENEE459F_Final/sources_1/imports/Downloads/UART/UART/uart_transmitter.v"/>
        <Attr Name="ImportTime" Val="1731698311"/>
        <Attr Name="UsedIn" Val="synthesis"/>
        <Attr Name="UsedIn" Val="implementation"/>
        <Attr Name="UsedIn" Val="simulation"/>
      </FileInfo>
    </File>
    <File Path="$PSRCDIR/sources_1/imports/sources_1/new/no_processing_master.v">
      <FileInfo>
        <Attr Name="ImportPath" Val="$PSRCDIR/ENEE459F_Final/sources_1/new/no_processing_master.v"/>
        <Attr Name="ImportTime" Val="1731698311"/>
        <Attr Name="UsedIn" Val="synthesis"/>
        <Attr Name="UsedIn" Val="implementation"/>
        <Attr Name="UsedIn" Val="simulation"/>
      </FileInfo>
    </File>
    <File Path="$PSRCDIR/ENEE459F_Final/sources_1/new/master_processing_fsm_top.v">
      <FileInfo>
        <Attr Name="UsedIn" Val="synthesis"/>
        <Attr Name="UsedIn" Val="implementation"/>
        <Attr Name="UsedIn" Val="simulation"/>
      </FileInfo>
    </File>
    <File Path="$PSRCDIR/ENEE459F_Final/sources_1/new/CLA_tree_24_bit.v">
      <FileInfo>
        <Attr Name="UsedIn" Val="synthesis"/>
        <Attr Name="UsedIn" Val="implementation"/>
        <Attr Name="UsedIn" Val="simulation"/>
      </FileInfo>
    </File>
    <File Path="$PSRCDIR/ENEE459F_Final/sources_1/new/fp_add_sub.v">
      <FileInfo>
        <Attr Name="UsedIn" Val="synthesis"/>
        <Attr Name="UsedIn" Val="implementation"/>
        <Attr Name="UsedIn" Val="simulation"/>
      </FileInfo>
    </File>
    <File Path="$PSRCDIR/ENEE459F_Final/sources_1/new/tb_master_processing_fsm.v">
      <FileInfo>
        <Attr Name="UsedIn" Val="synthesis"/>
        <Attr Name="UsedIn" Val="implementation"/>
        <Attr Name="UsedIn" Val="simulation"/>
      </FileInfo>
    </File>
    <File Path="$PSRCDIR/ENEE459F_Final/sources_1/imports/sources_1/new/A_block.v">
      <FileInfo>
        <Attr Name="UsedIn" Val="synthesis"/>
        <Attr Name="UsedIn" Val="implementation"/>
        <Attr Name="UsedIn" Val="simulation"/>
      </FileInfo>
    </File>
    <File Path="$PSRCDIR/ENEE459F_Final/sources_1/imports/sources_1/new/tree_6_cla.v">
      <FileInfo>
        <Attr Name="UsedIn" Val="synthesis"/>
        <Attr Name="UsedIn" Val="implementation"/>
        <Attr Name="UsedIn" Val="simulation"/>
      </FileInfo>
    </File>
    <File Path="$PSRCDIR/ENEE459F_Final/sources_1/imports/sources_1/new/B_block.v">
      <FileInfo>
        <Attr Name="UsedIn" Val="synthesis"/>
        <Attr Name="UsedIn" Val="implementation"/>
        <Attr Name="UsedIn" Val="simulation"/>
      </FileInfo>
    </File>
    <File Path="$PSRCDIR/ENEE459F_Final/sources_1/imports/sources_1/new/tree_12_adder.v">
      <FileInfo>
        <Attr Name="UsedIn" Val="synthesis"/>
        <Attr Name="UsedIn" Val="implementation"/>
        <Attr Name="UsedIn" Val="simulation"/>
      </FileInfo>
    </File>
    <File Path="$PSRCDIR/ENEE459F_Final/sources_1/new/tb_multiplier.v">
      <FileInfo>
        <Attr Name="UsedIn" Val="synthesis"/>
        <Attr Name="UsedIn" Val="implementation"/>
        <Attr Name="UsedIn" Val="simulation"/>
      </FileInfo>
    </File>
    <Config>
      <Option Name="DesignMode" Val="RTL"/>
      <Option Name="TopModule" Val="master_processing_fsm_top"/>
    </Config>
  </FileSet>
  <FileSet Name="constrs_in" Type="Constrs" RelSrcDir="$PSRCDIR/constrs_1" RelGenDir="$PGENDIR/constrs_1">
    <Filter Type="Constrs"/>
    <File Path="$PSRCDIR/ENEE459F_Final/constrs_1/constaints_master_no_processing.xdc">
      <FileInfo>
        <Attr Name="UsedIn" Val="synthesis"/>
        <Attr Name="UsedIn" Val="implementation"/>
      </FileInfo>
    </File>
    <Config>
      <Option Name="ConstrsType" Val="XDC"/>
    </Config>
  </FileSet>
  <FileSet Name="utils" Type="Utils" RelSrcDir="$PSRCDIR/utils_1" RelGenDir="$PGENDIR/utils_1">
    <Filter Type="Utils"/>
    <File Path="$PSRCDIR/utils_1/imports/synth_1/no_processing_master.dcp">
      <FileInfo>
        <Attr Name="UsedIn" Val="synthesis"/>
        <Attr Name="UsedIn" Val="implementation"/>
        <Attr Name="UsedInSteps" Val="synth_1"/>
        <Attr Name="AutoDcp" Val="1"/>
      </FileInfo>
    </File>
    <Config>
      <Option Name="TopAutoSet" Val="TRUE"/>
    </Config>
  </FileSet>
  <Strategy Version="1" Minor="2">
    <StratHandle Name="Vivado Implementation Defaults" Flow="Vivado Implementation 2024"/>
    <Step Id="init_design"/>
    <Step Id="opt_design"/>
    <Step Id="power_opt_design"/>
    <Step Id="place_design"/>
    <Step Id="post_place_power_opt_design"/>
    <Step Id="phys_opt_design"/>
    <Step Id="route_design"/>
    <Step Id="post_route_phys_opt_design"/>
    <Step Id="write_bitstream"/>
  </Strategy>
</GenRun>
