<?xml version="1.0" encoding="UTF-8"?>
<GenRun Id="synth_1" LaunchPart="xc7a35ticpg236-1L" LaunchTime="1733774678" LaunchIncrCheckpoint="$PSRCDIR/utils_1/imports/synth_1/no_processing_master.dcp">
  <File Type="PA-TCL" Name="master_processing_fsm_top.tcl"/>
  <File Type="RDS-PROPCONSTRS" Name="master_processing_fsm_top_drc_synth.rpt"/>
  <File Type="REPORTS-TCL" Name="master_processing_fsm_top_reports.tcl"/>
  <File Type="RDS-RDS" Name="master_processing_fsm_top.vds"/>
  <File Type="RDS-UTIL" Name="master_processing_fsm_top_utilization_synth.rpt"/>
  <File Type="RDS-UTIL-PB" Name="master_processing_fsm_top_utilization_synth.pb"/>
  <File Type="RDS-DCP" Name="master_processing_fsm_top.dcp"/>
  <File Type="VDS-TIMINGSUMMARY" Name="master_processing_fsm_top_timing_summary_synth.rpt"/>
  <File Type="VDS-TIMING-PB" Name="master_processing_fsm_top_timing_summary_synth.pb"/>
  <FileSet Name="sources" Type="DesignSrcs" RelSrcDir="$PSRCDIR/sources_1" RelGenDir="$PGENDIR/sources_1">
    <Filter Type="Srcs"/>
    <File Path="$PSRCDIR/sources_1/imports/sources_1/imports/Downloads/I2C_Master.v">
      <FileInfo>
        <Attr Name="ImportPath" Val="$PSRCDIR/ENEE459F_Final/sources_1/imports/Downloads/I2C_Master.v"/>
        <Attr Name="ImportTime" Val="1731698311"/>
        <Attr Name="UsedIn" Val="synthesis"/>
        <Attr Name="UsedIn" Val="implementation"/>
        <Attr Name="UsedIn" Val="simulation"/>
      </FileInfo>
    </File>
    <File Path="$PSRCDIR/sources_1/imports/sources_1/imports/Downloads/UART/UART/baud_rate_generator.v">
      <FileInfo>
        <Attr Name="ImportPath" Val="$PSRCDIR/ENEE459F_Final/sources_1/imports/Downloads/UART/UART/baud_rate_generator.v"/>
        <Attr Name="ImportTime" Val="1731698311"/>
        <Attr Name="UsedIn" Val="synthesis"/>
        <Attr Name="UsedIn" Val="implementation"/>
        <Attr Name="UsedIn" Val="simulation"/>
      </FileInfo>
    </File>
    <File Path="$PSRCDIR/sources_1/imports/new/cpa_block.v">
      <FileInfo>
        <Attr Name="ImportPath" Val="$PPRDIR/../../labs/ENEE_459f_lab4b/lab4/lab4.srcs/sources_1/new/cpa_block.v"/>
        <Attr Name="ImportTime" Val="1732057554"/>
        <Attr Name="UsedIn" Val="synthesis"/>
        <Attr Name="UsedIn" Val="implementation"/>
        <Attr Name="UsedIn" Val="simulation"/>
      </FileInfo>
    </File>
    <File Path="$PSRCDIR/sources_1/imports/new/csa_block.v">
      <FileInfo>
        <Attr Name="ImportPath" Val="$PPRDIR/../../labs/ENEE_459f_lab4b/lab4/lab4.srcs/sources_1/new/csa_block.v"/>
        <Attr Name="ImportTime" Val="1727920653"/>
        <Attr Name="UsedIn" Val="synthesis"/>
        <Attr Name="UsedIn" Val="implementation"/>
        <Attr Name="UsedIn" Val="simulation"/>
      </FileInfo>
    </File>
    <File Path="$PSRCDIR/sources_1/imports/sources_1/imports/Downloads/UART/UART/debounce_explicit.v">
      <FileInfo>
        <Attr Name="ImportPath" Val="$PSRCDIR/ENEE459F_Final/sources_1/imports/Downloads/UART/UART/debounce_explicit.v"/>
        <Attr Name="ImportTime" Val="1731698311"/>
        <Attr Name="UsedIn" Val="synthesis"/>
        <Attr Name="UsedIn" Val="implementation"/>
        <Attr Name="UsedIn" Val="simulation"/>
      </FileInfo>
    </File>
    <File Path="$PSRCDIR/sources_1/imports/sources_1/imports/Downloads/UART/UART/fifo.v">
      <FileInfo>
        <Attr Name="ImportPath" Val="$PSRCDIR/ENEE459F_Final/sources_1/imports/Downloads/UART/UART/fifo.v"/>
        <Attr Name="ImportTime" Val="1731698311"/>
        <Attr Name="UsedIn" Val="synthesis"/>
        <Attr Name="UsedIn" Val="implementation"/>
        <Attr Name="UsedIn" Val="simulation"/>
      </FileInfo>
    </File>
    <File Path="$PSRCDIR/sources_1/imports/new/four_bit_carry_lookahead_adder.v">
      <FileInfo>
        <Attr Name="ImportPath" Val="$PPRDIR/../../labs/ENEE_459f_lab4b/lab4/lab4.srcs/sources_1/imports/labs/ENEE_459f_lab4/ENEE_459f_lab4.srcs/sources_1/new/four_bit_carry_lookahead_adder.v"/>
        <Attr Name="ImportTime" Val="1727296437"/>
        <Attr Name="UsedIn" Val="synthesis"/>
        <Attr Name="UsedIn" Val="implementation"/>
        <Attr Name="UsedIn" Val="simulation"/>
      </FileInfo>
    </File>
    <File Path="$PSRCDIR/ENEE459F_Final/sources_1/new/fp_multiplier.v">
      <FileInfo>
        <Attr Name="UsedIn" Val="synthesis"/>
        <Attr Name="UsedIn" Val="implementation"/>
        <Attr Name="UsedIn" Val="simulation"/>
      </FileInfo>
    </File>
    <File Path="$PSRCDIR/sources_1/imports/sources_1/new/no_processing_slave.v">
      <FileInfo>
        <Attr Name="ImportPath" Val="$PSRCDIR/ENEE459F_Final/sources_1/new/no_processing_slave.v"/>
        <Attr Name="ImportTime" Val="1731698311"/>
        <Attr Name="UsedIn" Val="synthesis"/>
        <Attr Name="UsedIn" Val="implementation"/>
        <Attr Name="UsedIn" Val="simulation"/>
      </FileInfo>
    </File>
    <File Path="$PPRDIR/../../labs/ENEE_459f_lab4b/lab4/lab4.srcs/sources_1/imports/labs/ENEE_459F_lab1/ENEE_459F_lab1.srcs/sources_1/new/three_bit_carry_lookahead.v">
      <FileInfo>
        <Attr Name="UsedIn" Val="synthesis"/>
        <Attr Name="UsedIn" Val="implementation"/>
        <Attr Name="UsedIn" Val="simulation"/>
      </FileInfo>
    </File>
    <File Path="$PSRCDIR/sources_1/imports/sources_1/new/top_module.v">
      <FileInfo>
        <Attr Name="ImportPath" Val="$PSRCDIR/ENEE459F_Final/sources_1/new/top_module.v"/>
        <Attr Name="ImportTime" Val="1731698311"/>
        <Attr Name="UsedIn" Val="synthesis"/>
        <Attr Name="UsedIn" Val="implementation"/>
        <Attr Name="UsedIn" Val="simulation"/>
      </FileInfo>
    </File>
    <File Path="$PSRCDIR/sources_1/imports/sources_1/new/top_no_processing.v">
      <FileInfo>
        <Attr Name="ImportPath" Val="$PSRCDIR/ENEE459F_Final/sources_1/new/top_no_processing.v"/>
        <Attr Name="ImportTime" Val="1731698311"/>
        <Attr Name="UsedIn" Val="synthesis"/>
        <Attr Name="UsedIn" Val="implementation"/>
        <Attr Name="UsedIn" Val="simulation"/>
      </FileInfo>
    </File>
    <File Path="$PSRCDIR/sources_1/imports/sources_1/imports/Downloads/UART/UART/uart_receiver.v">
      <FileInfo>
        <Attr Name="ImportPath" Val="$PSRCDIR/ENEE459F_Final/sources_1/imports/Downloads/UART/UART/uart_receiver.v"/>
        <Attr Name="ImportTime" Val="1731698311"/>
        <Attr Name="UsedIn" Val="synthesis"/>
        <Attr Name="UsedIn" Val="implementation"/>
        <Attr Name="UsedIn" Val="simulation"/>
      </FileInfo>
    </File>
    <File Path="$PSRCDIR/sources_1/imports/sources_1/imports/Downloads/UART/UART/uart_test.v">
      <FileInfo>
        <Attr Name="ImportPath" Val="$PSRCDIR/ENEE459F_Final/sources_1/imports/Downloads/UART/UART/uart_test.v"/>
        <Attr Name="ImportTime" Val="1731698311"/>
        <Attr Name="UsedIn" Val="synthesis"/>
        <Attr Name="UsedIn" Val="implementation"/>
        <Attr Name="UsedIn" Val="simulation"/>
      </FileInfo>
    </File>
    <File Path="$PSRCDIR/sources_1/imports/sources_1/imports/Downloads/UART/UART/uart_top.v">
      <FileInfo>
        <Attr Name="ImportPath" Val="$PSRCDIR/ENEE459F_Final/sources_1/imports/Downloads/UART/UART/uart_top.v"/>
        <Attr Name="ImportTime" Val="1731698311"/>
        <Attr Name="UsedIn" Val="synthesis"/>
        <Attr Name="UsedIn" Val="implementation"/>
        <Attr Name="UsedIn" Val="simulation"/>
      </FileInfo>
    </File>
    <File Path="$PSRCDIR/sources_1/imports/sources_1/imports/Downloads/UART/UART/uart_transmitter.v">
      <FileInfo>
        <Attr Name="ImportPath" Val="$PSRCDIR/ENEE459F_Final/sources_1/imports/Downloads/UART/UART/uart_transmitter.v"/>
        <Attr Name="ImportTime" Val="1731698311"/>
        <Attr Name="UsedIn" Val="synthesis"/>
        <Attr Name="UsedIn" Val="implementation"/>
        <Attr Name="UsedIn" Val="simulation"/>
      </FileInfo>
    </File>
    <File Path="$PSRCDIR/sources_1/imports/sources_1/new/no_processing_master.v">
      <FileInfo>
        <Attr Name="ImportPath" Val="$PSRCDIR/ENEE459F_Final/sources_1/new/no_processing_master.v"/>
        <Attr Name="ImportTime" Val="1731698311"/>
        <Attr Name="UsedIn" Val="synthesis"/>
        <Attr Name="UsedIn" Val="implementation"/>
        <Attr Name="UsedIn" Val="simulation"/>
      </FileInfo>
    </File>
    <File Path="$PSRCDIR/ENEE459F_Final/sources_1/new/master_processing_fsm_top.v">
      <FileInfo>
        <Attr Name="UsedIn" Val="synthesis"/>
        <Attr Name="UsedIn" Val="implementation"/>
        <Attr Name="UsedIn" Val="simulation"/>
      </FileInfo>
    </File>
    <File Path="$PSRCDIR/ENEE459F_Final/sources_1/new/CLA_tree_24_bit.v">
      <FileInfo>
        <Attr Name="UsedIn" Val="synthesis"/>
        <Attr Name="UsedIn" Val="implementation"/>
        <Attr Name="UsedIn" Val="simulation"/>
      </FileInfo>
    </File>
    <File Path="$PSRCDIR/ENEE459F_Final/sources_1/new/fp_add_sub.v">
      <FileInfo>
        <Attr Name="UsedIn" Val="synthesis"/>
        <Attr Name="UsedIn" Val="implementation"/>
        <Attr Name="UsedIn" Val="simulation"/>
      </FileInfo>
    </File>
    <File Path="$PSRCDIR/ENEE459F_Final/sources_1/new/tb_master_processing_fsm.v">
      <FileInfo>
        <Attr Name="UsedIn" Val="synthesis"/>
        <Attr Name="UsedIn" Val="implementation"/>
        <Attr Name="UsedIn" Val="simulation"/>
      </FileInfo>
    </File>
    <File Path="$PSRCDIR/ENEE459F_Final/sources_1/imports/sources_1/new/A_block.v">
      <FileInfo>
        <Attr Name="UsedIn" Val="synthesis"/>
        <Attr Name="UsedIn" Val="implementation"/>
        <Attr Name="UsedIn" Val="simulation"/>
      </FileInfo>
    </File>
    <File Path="$PSRCDIR/ENEE459F_Final/sources_1/imports/sources_1/new/tree_6_cla.v">
      <FileInfo>
        <Attr Name="UsedIn" Val="synthesis"/>
        <Attr Name="UsedIn" Val="implementation"/>
        <Attr Name="UsedIn" Val="simulation"/>
      </FileInfo>
    </File>
    <File Path="$PSRCDIR/ENEE459F_Final/sources_1/imports/sources_1/new/B_block.v">
      <FileInfo>
        <Attr Name="UsedIn" Val="synthesis"/>
        <Attr Name="UsedIn" Val="implementation"/>
        <Attr Name="UsedIn" Val="simulation"/>
      </FileInfo>
    </File>
    <File Path="$PSRCDIR/ENEE459F_Final/sources_1/imports/sources_1/new/tree_12_adder.v">
      <FileInfo>
        <Attr Name="UsedIn" Val="synthesis"/>
        <Attr Name="UsedIn" Val="implementation"/>
        <Attr Name="UsedIn" Val="simulation"/>
      </FileInfo>
    </File>
    <File Path="$PSRCDIR/ENEE459F_Final/sources_1/new/tb_multiplier.v">
      <FileInfo>
        <Attr Name="UsedIn" Val="synthesis"/>
        <Attr Name="UsedIn" Val="implementation"/>
        <Attr Name="UsedIn" Val="simulation"/>
      </FileInfo>
    </File>
    <Config>
      <Option Name="DesignMode" Val="RTL"/>
      <Option Name="TopModule" Val="master_processing_fsm_top"/>
    </Config>
  </FileSet>
  <FileSet Name="constrs_in" Type="Constrs" RelSrcDir="$PSRCDIR/constrs_1" RelGenDir="$PGENDIR/constrs_1">
    <Filter Type="Constrs"/>
    <File Path="$PSRCDIR/ENEE459F_Final/constrs_1/constaints_master_no_processing.xdc">
      <FileInfo>
        <Attr Name="UsedIn" Val="synthesis"/>
        <Attr Name="UsedIn" Val="implementation"/>
      </FileInfo>
    </File>
    <Config>
      <Option Name="ConstrsType" Val="XDC"/>
    </Config>
  </FileSet>
  <FileSet Name="utils" Type="Utils" RelSrcDir="$PSRCDIR/utils_1" RelGenDir="$PGENDIR/utils_1">
    <Filter Type="Utils"/>
    <File Path="$PSRCDIR/utils_1/imports/synth_1/no_processing_master.dcp">
      <FileInfo>
        <Attr Name="UsedIn" Val="synthesis"/>
        <Attr Name="UsedIn" Val="implementation"/>
        <Attr Name="UsedInSteps" Val="synth_1"/>
        <Attr Name="AutoDcp" Val="1"/>
      </FileInfo>
    </File>
    <Config>
      <Option Name="TopAutoSet" Val="TRUE"/>
    </Config>
  </FileSet>
  <Strategy Version="1" Minor="2">
    <StratHandle Name="Vivado Synthesis Defaults" Flow="Vivado Synthesis 2024"/>
    <Step Id="synth_design"/>
  </Strategy>
</GenRun>
